train_loss,epoch,step
164.6665496826172,0,50
164.11692810058594,1,101
163.60687255859375,2,152
163.0646514892578,3,203
162.4974365234375,4,254
161.9611358642578,5,305
161.29248046875,6,356
160.6054229736328,7,407
159.73866271972656,8,458
158.85394287109375,9,509
