train_loss,epoch,step
163.37606811523438,0,50
163.114501953125,1,101
162.83212280273438,2,152
162.49961853027344,3,203
162.07406616210938,4,254
161.59474182128906,5,305
160.94215393066406,6,356
160.20606994628906,7,407
159.24310302734375,8,458
158.07904052734375,9,509
