train_loss,epoch,step
155.5990753173828,0,50
154.49383544921875,1,101
153.41574096679688,2,152
151.9346160888672,3,203
150.63104248046875,4,254
149.10693359375,5,305
147.4061279296875,6,356
145.4440460205078,7,407
143.8910675048828,8,458
141.29991149902344,9,509
