train_loss,epoch,step
166.31375122070312,0,50
165.58013916015625,1,101
165.00621032714844,2,152
164.37677001953125,3,203
163.70101928710938,4,254
162.98568725585938,5,305
162.33746337890625,6,356
161.4772186279297,7,407
160.60997009277344,8,458
159.72329711914062,9,509
