train_loss,epoch,step
166.37376403808594,0,50
165.9257049560547,1,101
165.4802703857422,2,152
164.9672393798828,3,203
164.3445587158203,4,254
163.69180297851562,5,305
162.90521240234375,6,356
162.10267639160156,7,407
161.06304931640625,8,458
159.8714141845703,9,509
