train_loss,epoch,step
164.33058166503906,0,50
163.77676391601562,1,101
163.21395874023438,2,152
162.7481689453125,3,203
162.1651153564453,4,254
161.59829711914062,5,305
160.9068145751953,6,356
160.24404907226562,7,407
159.37631225585938,8,458
158.30435180664062,9,509
