train_loss,epoch,step
162.46331787109375,0,50
162.01341247558594,1,101
161.43585205078125,2,152
160.76368713378906,3,203
160.01052856445312,4,254
159.1832733154297,5,305
158.2513885498047,6,356
157.1251220703125,7,407
155.90098571777344,8,458
154.43751525878906,9,509
