train_loss,epoch,step
162.28790283203125,0,50
161.73196411132812,1,101
161.15542602539062,2,152
160.4749298095703,3,203
159.627685546875,4,254
158.74046325683594,5,305
157.54981994628906,6,356
156.05316162109375,7,407
154.46774291992188,8,458
152.49444580078125,9,509
