train_loss,epoch,step
164.2370147705078,0,50
163.82833862304688,1,101
163.34503173828125,2,152
162.81295776367188,3,203
162.18887329101562,4,254
161.44935607910156,5,305
160.56935119628906,6,356
159.48667907714844,7,407
158.39830017089844,8,458
156.93112182617188,9,509
